word,aqua #00ffff,black #000000,blue #0000ff,brown #A52A2A,fuchsia #ff00ff,gold #ffd700,gray #808080,green #008000,lime #00ff00,maroon #800000,navy #000080,olive #808000,orange #ffa500,purple #800080,red #ff0000,silver #c0c0c0,teal #008080,white #ffffff,yellow #ffff00,Total Votes
abuse,0.88118249005117,24.019329164298,1.5065378055713,5.7134735645253,2.2455940875497,1.1370096645821,4.9459920409323,1.2507106310404,1.6202387720296,13.899943149517,2.4161455372371,3.0130756111427,1.7055144968732,3.6100056850483,26.662876634451,1.4496873223422,1.4212620807277,0.93803297328027,1.5633882888005,3518
accessible,6.3513979979289,2.8995512599241,12.702795995858,1.3807386952019,3.3482913358647,5.4193993786676,2.3472557818433,12.771832930618,11.667241974456,1.3462202278219,3.6934760096652,1.6223679668623,5.3503624439075,2.6234035208837,3.6244390749051,2.9685881946842,5.4884363134277,8.3879875733517,6.0062133241284,2897
addiction,1.9409282700422,18.931082981716,2.0815752461322,3.5161744022504,5.4571026722925,1.8284106891702,7.1448663853727,2.7848101265823,3.9943741209564,6.7791842475387,2.1659634317862,5.5414908579466,2.7285513361463,5.0351617440225,20.450070323488,1.9127988748242,1.9690576652602,2.0253164556962,3.7130801687764,3555
agile,12.300955414013,3.1050955414013,7.4442675159236,1.3335987261146,4.7372611464968,5.2149681528662,2.0501592356688,4.578025477707,12.858280254777,1.3136942675159,1.9108280254777,1.0350318471338,5.3941082802548,2.0501592356688,8.9968152866242,2.6074840764331,3.1847133757962,5.0955414012739,14.789012738854,5024
amusing,5.431368926658,1.6626639571402,3.7132828376132,1.1823388139664,19.083687419176,8.387215961574,1.2377609458711,2.1429891003141,9.9020875669684,1.2747090338075,0.88675411047478,0.62811749491964,8.8675411047478,4.0827637169776,8.0177350822095,0.64659153888786,1.4409754295215,0.83133197857011,20.580084980602,5413
anger,0.46136101499423,5.4786620530565,1.2110726643599,5.7093425605536,1.3264129181084,0.92272202998847,0.80738177623991,0.98039215686275,1.2687427912341,9.3425605536332,0.51903114186851,0.63437139561707,1.9031141868512,0.92272202998847,64.590542099193,0.74971164936563,1.038062283737,0.74971164936563,1.3840830449827,1734
anticipation,7.4984247006931,2.0163831127914,5.7340894770006,2.1424070573409,6.364209199748,8.5696282293636,2.8985507246377,4.1587901701323,4.8519218651544,3.5916824196597,3.6546943919345,1.8273471959672,9.5148078134846,4.9779458097038,9.9558916194077,3.0245746691871,5.166981726528,4.3478260869565,9.7038437303088,1587
art deco,5.374562856617,7.0495122400147,3.5339591385975,5.3929688937972,8.1906865451868,5.3009387078962,5.7610896374011,3.4235229155163,3.4603349898767,4.5462911835082,2.5584391680471,5.1352843732744,8.393152954169,6.4421130130683,6.0187741579238,4.527885146328,6.4973311246089,4.2333885514449,4.1597644027241,5433
authentic,2.5613430908308,8.0068876452863,8.437365475678,4.5200172191132,2.5398191993112,4.0034438226431,4.6276366767111,8.2866982350409,3.1640120533793,5.3379250968575,10.439087387,4.0034438226431,4.6491605682307,3.4007748600947,4.4123977615153,2.4106758501937,4.0895393887215,12.225570383125,2.8842014636246,4646
authority,0.90768636539204,21.726535341831,6.2186172267285,2.4913093858633,1.3904982618772,1.1201235998455,6.9331788335265,2.3174971031286,0.90768636539204,8.5361143298571,18.443414445732,1.5063731170336,1.0235612205485,3.9783700270375,16.57010428737,1.4098107377366,1.429123213596,1.6029354963306,1.4870606411742,5178
average,1.3530655391121,2.5158562367865,4.6088794926004,4.4397463002114,1.2473572938689,2.8964059196617,24.862579281184,5.5602536997886,1.5644820295983,1.7970401691332,3.3615221987315,5.5179704016913,5.3276955602537,1.5644820295983,2.6215644820296,18.541226215645,4.3763213530655,5.1162790697674,2.7272727272727,4730
baby,31.839309428951,1.195219123506,3.3864541832669,0.79681274900398,20.252324037185,4.1832669322709,1.062416998672,1.394422310757,1.859229747676,0.86321381142098,0.86321381142098,0.83001328021248,2.6892430278884,1.660026560425,1.925630810093,1.4276228419655,2.0252324037185,13.877822045153,7.8685258964143,3012
beach,21.366756192181,1.3130408833184,7.9677708146822,0.5669949268875,1.1041480155178,22.799164428529,1.0444643390033,0.71620411817368,0.74604595643092,0.77588779468815,2.0292450014921,1.4025663980901,12.175470008953,0.5669949268875,1.1936735302895,0.86541330945986,4.0584900029842,2.6857654431513,16.621903909281,3351
beauty,5.9398768562115,3.1510322346976,5.5595798623687,3.3502354219486,22.455632017385,3.1872509960159,1.4306410720753,3.1691416153568,2.6439695762405,3.6399855124955,2.6620789568997,0.76059398768562,2.8431727634915,12.803332126041,8.5295182904745,0.92357841361825,3.6762042738138,9.181455994205,4.092720028975,5522
beer,0.74772431729519,2.2756827048114,1.4304291287386,4.6488946684005,1.072821846554,24.837451235371,1.7880364109233,2.7308192457737,1.1378413524057,4.9089726918075,1.0078023407022,8.1274382314694,32.802340702211,1.2028608582575,2.0481144343303,1.8205461638492,0.71521456436931,0.78023407022107,5.9167750325098,3076
benign,7.0764617691154,4.0179910044978,4.047976011994,2.3088455772114,3.4182908545727,3.808095952024,6.1469265367316,8.4257871064468,7.5862068965517,2.1289355322339,2.3388305847076,4.527736131934,4.4977511244378,2.2788605697151,2.3988005997002,11.274362818591,5.3073463268366,14.032983508246,4.3778110944528,3335
bitter,1.3196875841637,10.153514678158,1.3196875841637,5.4942095340695,2.0468623754377,4.7401023431188,5.6558039321304,4.416913546997,6.4907083221115,7.0293563156477,2.0737947751145,22.434688930784,5.709668731484,2.9356315647724,4.847831941826,1.427417182871,3.1510907621869,1.1042283867493,7.6488015082144,3713
blend,2.5788937902952,4.3434000678656,2.1717000339328,6.0739735324058,3.39328130302,3.39328130302,10.111978283,4.3094672548354,2.1038344078724,4.0380047505938,1.8323719036308,16.185951815405,8.4492704445199,6.2097047845266,2.2395656599932,6.8883610451306,9.2975907702749,4.5469969460468,1.8323719036308,2947
blissful,15.230683713174,1.408189735038,5.7995182508801,1.4267185473411,14.952751528627,6.5777283676116,1.3340744858255,2.7422642208634,4.8174911988142,1.2043727997035,2.0381693533445,0.53733555679081,4.9842505095423,3.8539929590513,4.9286640726329,1.2599592366129,4.0207522697795,6.485084306096,16.397998888271,5397
bold,1.9017980636238,18.81051175657,6.3969571230982,1.7116182572614,5.7918395573997,1.6251728907331,2.3858921161826,1.7461964038728,3.5961272475795,5.7745504840941,4.4087136929461,0.98547717842324,2.6452282157676,2.83540802213,29.754495159059,1.2793914246196,1.1583679114799,2.0746887966805,5.1175656984786,5784
book,1.2074425969913,7.0071258907363,4.6516231195566,10.688836104513,1.2272367379256,2.4940617577197,6.076801266825,5.5621536025336,1.3460015835313,11.658749010293,5.8392715756136,7.8384798099762,4.5130641330166,1.9200316706255,2.1377672209026,5.8788598574822,3.9984164687253,14.291369754553,1.6627078384798,5052
boss,1.1347910323831,23.000276778301,5.0927207306947,3.9302518682535,1.7160254636037,1.3285358427899,10.074730141157,2.7954608358705,1.2455023526156,8.303349017437,13.700525878771,2.1865485745918,2.1588707445336,3.3766952670911,12.621090506504,1.9097702740105,2.241904234708,1.6606698034874,1.5222806531968,3613
brooklyn,1.0811873402791,11.264006290545,3.9709062315707,8.0990760762729,1.7495576960881,1.7495576960881,24.159622567328,3.7939846667977,1.4940043247494,9.180263416552,5.2093571849813,7.3520739138982,3.4597994888933,2.8110870847258,3.6170631020248,4.9341458620012,3.2042461175546,1.1008452919206,1.7692156477295,5087
busy,2.1033653846154,5.4487179487179,5.0080128205128,3.4455128205128,4.9078525641026,3.2451923076923,7.3317307692308,1.7427884615385,5.8293269230769,6.0096153846154,4.0865384615385,1.8028846153846,5.1282051282051,2.5641025641026,27.183493589744,2.0032051282051,2.1634615384615,1.0016025641026,8.994391025641,4992
calming,14.1925777332,1.9057171514544,7.2049481778669,1.3707790036777,1.5379471748579,3.1427616181879,3.0758943497158,7.6730190571715,1.9391507856904,1.1868940153795,8.0073553995319,2.3069207622869,2.8418589100635,2.3570712136409,1.5379471748579,6.469408224674,22.567703109328,9.3279839518556,1.3540621865597,5982
capable,3.9126478616924,4.2766151046406,12.192902638763,3.0937215650591,2.820746132848,4.3676069153776,2.729754322111,7.5523202911738,6.0964513193813,3.0937215650591,13.375796178344,2.638762511374,5.9144676979072,4.0036396724295,6.6424021838035,1.1828935395814,10.73703366697,2.0018198362147,3.3666969972702,1099
car,0.7742167806986,15.538350738207,5.5815628375945,2.1065898451566,1.3143680230465,1.3143680230465,13.08966510623,2.1425999279798,0.95426719481455,4.3392149801945,6.2117392870004,1.0622974432841,1.5304285199856,1.4043932301044,26.089305005402,9.1465610370904,1.69247389269,4.1411595246669,1.5664386028088,5554
cat,1.1104060913706,24.555837563452,1.8083756345178,4.3781725888325,3.0456852791878,5.6154822335025,12.214467005076,1.9670050761421,1.4593908629442,3.3312182741117,1.744923857868,3.2360406091371,16.560913705584,2.3794416243655,2.1890862944162,6.2182741116751,1.6814720812183,3.997461928934,2.506345177665,3152
certain,2.1182421751502,15.017388555169,8.6942775845716,2.592475497945,1.9601644008852,2.592475497945,4.8371798925071,6.9870376225103,5.9753398672147,3.6041732532406,13.12045526399,1.8020866266203,3.4460954789757,3.2247865950047,7.587733164717,2.8453999367689,3.4777110338286,6.3231109705975,3.7938665823585,3163
charity,7.055630936228,1.9222071460877,6.8521031207598,2.1709633649932,7.1687019448213,6.7842605156038,1.4699231117142,10.357304387155,5.6761646313885,2.0805065581185,3.2564450474898,1.8543645409317,6.0832202623247,5.4047942107644,5.5404794210764,1.9900497512438,5.4500226142017,11.035730438716,7.8471279963817,4422
cheerful,4.6399406087602,1.7074981440238,2.5612472160356,0.89086859688196,12.119524870082,8.8715664439495,1.1507052709725,1.5961395694135,6.7000742390497,0.74239049740163,0.96510764662212,0.4083147735709,7.1455085374907,1.5404602821084,6.365998515219,0.48255382331106,0.87230883444692,0.72383073496659,40.515961395694,5388
chicago,3.3789688319254,6.3210020390329,7.369647538596,5.2723565394699,2.2429362073988,2.7381299155258,18.176521992426,3.0002912904165,1.3981939994174,6.3501310806874,6.6122924555782,2.8255170404894,4.3110981648704,2.3011942907078,11.826390911739,7.3113894552869,4.2237110399068,2.0390329158171,2.3011942907078,3433
classic,1.4673514306676,19.73587674248,3.980190755686,5.0807043286867,1.4123257520176,2.5311812179017,9.5194424064563,2.7696258253852,0.88041085840059,8.1621423330888,9.2259721203228,3.980190755686,2.7146001467351,2.3661041819516,3.4666177549523,7.5935436537051,3.1548055759354,10.674981658107,1.2839325018342,5452
classy,1.6563604240283,25.861307420495,3.0697879858657,3.0697879858657,3.0256183745583,2.4955830388693,6.404593639576,1.9213780918728,0.99381625441696,7.1775618374558,8.613074204947,1.6563604240283,2.208480565371,8.2818021201413,3.4231448763251,5.4328621908127,4.1961130742049,8.7234982332155,1.7888692579505,4528
clean,12.788190413004,1.8245148449162,3.0187427434069,0.43124896334384,1.2605738928512,0.92884392104827,1.4098523801625,1.3932658815724,2.6206667772433,0.49759495770443,0.96201691822856,0.3151434732128,0.87908442527782,0.91225742245812,1.0781224083596,2.023552827998,1.0781224083596,64.189749543871,2.3884557969813,6029
cold,30.557467309016,2.5120440467997,14.45285615967,0.51617343427392,0.79146593255334,0.82587749483827,5.1961459050241,0.73984858912595,0.63661390227116,0.6194081211287,11.562284927736,0.39573296627667,1.0495526496903,1.1355815554026,1.6517549896765,7.2092222986924,7.1403991741225,12.370956641432,0.63661390227116,5812
colonial,1.4635931211123,3.9699963410172,6.2202707647274,9.0193926088547,1.4087083790706,3.4028540065862,5.4152945481156,6.3849249908525,1.2806439809733,9.549945115258,9.8243688254665,11.361141602634,6.4398097328943,2.6893523600439,6.0373216245884,3.1833150384193,4.6469081595316,6.0007317965606,1.7014270032931,5466
comfort,5.7529610829103,2.1996615905245,6.3089195068891,5.7287889775199,3.1423737007493,6.2364031907179,3.0215131737974,8.91950688905,2.2963500120861,5.5595842397873,5.8013052936911,2.8281363306744,8.6536137297559,5.5354121343969,2.1513173797438,3.0456852791878,12.811215856901,7.3483200386754,2.6589315929417,4137
commerce,2.0504201680672,3.8319327731092,9.8151260504202,2.3865546218487,2.4201680672269,3.8655462184874,6.218487394958,23.563025210084,5.781512605042,2.453781512605,9.2773109243697,2.5882352941176,4.2689075630252,2.3865546218487,6.5210084033613,3.0924369747899,3.4957983193277,1.781512605042,4.2016806722689,2975
compelling,3.5858359480054,6.7234424025101,7.978484984312,3.5410129986553,5.1098162259077,3.8547736441058,2.7341999103541,3.9444195428059,5.0201703272075,6.5441506051098,6.8579112505603,1.5688032272524,5.5580457194083,7.4854325414612,16.987897803675,1.344688480502,5.0649932765576,1.5688032272524,4.5271178843568,2231
competent,2.836230558097,4.391582799634,13.906678865508,3.8426349496798,1.7383348581885,3.3851784080512,6.0384263494968,6.5873741994511,2.6532479414456,4.0256175663312,17.108874656908,2.4702653247941,6.0384263494968,2.6532479414456,4.6660567246112,5.1235132662397,6.7703568161025,3.4766697163769,2.2872827081427,1093
confident,2.9209148525765,7.1369523284651,10.856985395426,2.6729126481124,4.9600440892808,2.5902452466244,3.1689170570405,4.5742628823367,3.7475888674566,4.4915954808487,11.132543400386,1.0746762193442,3.8302562689446,4.1058142739047,18.269495728851,1.1573436208322,3.0862496555525,2.7555800496004,7.4676219344172,3629
consequence,2.1847690387016,12.172284644195,3.9950062421973,5.8052434456929,2.5905118601748,2.1847690387016,8.6766541822722,4.6192259675406,2.3408239700375,7.7403245942572,4.7128589263421,3.1835205992509,5.1810237203496,4.1510611735331,16.479400749064,3.9637952559301,4.6816479400749,2.4032459425718,2.9338327091136,3204
conservative,1.837591879594,11.550577528876,6.1603080154008,3.8326916345817,1.3125656282814,1.0675533776689,18.498424921246,3.3951697584879,1.3825691284564,5.5302765138257,15.033251662583,4.5327266363318,1.7500875043752,1.5225761288064,6.0378018900945,7.1578578928946,3.7276863843192,4.6552327616381,1.0150507525376,5714
contemporary,5.7048820625343,8.3379045529347,5.8511610897788,2.3404644359115,5.5403181568843,3.2547083561894,8.283049917718,2.3038946791004,5.0831961967453,2.3587493143171,2.9987200585116,2.6330224904004,4.8272078990675,4.6443591150119,4.1506673980618,9.2887182300238,6.87511428049,12.305723166941,3.2181385993783,5469
cookie,1.1221122112211,2.2112211221122,2.2772277227723,15.016501650165,3.3663366336634,10.46204620462,1.6171617161716,1.4521452145215,1.3201320132013,10.792079207921,1.1551155115512,7.4917491749175,28.943894389439,1.8811881188119,3.0693069306931,1.0561056105611,1.1221122112211,2.0792079207921,3.5643564356436,3030
corporate,1.3548723293382,11.064790689595,10.404724682995,1.6501650165016,1.268021538996,1.3375021712698,20.514156678826,3.4219211394824,1.5285739100226,2.7618551328817,20.46204620462,1.8412367552545,2.0496786520757,1.6501650165016,3.1266284523189,6.774361646691,4.0472468299462,3.3177001910717,1.424352961612,5757
cottage,2.2389396381874,1.6657710908114,1.7374171592334,11.481282464625,1.6657710908114,6.3048540211356,2.9195772881963,11.911158875157,2.0598244671324,8.3467669711625,1.0388679921189,17.105498835751,8.8662009672219,1.3254522658069,1.7374171592334,3.1345154934623,3.9047107289987,9.5826616514419,2.9733118395128,5583
crass,2.2435897435897,8.2478632478632,2.4786324786325,4.8717948717949,7.8846153846154,2.2008547008547,7.4358974358974,5.0,7.2649572649573,5.7478632478632,1.5384615384615,15.042735042735,4.5940170940171,3.3974358974359,9.7222222222222,3.3333333333333,2.5854700854701,2.2222222222222,4.1880341880342,4680
creative,7.7139837971117,3.1701303275801,6.2345896442409,1.6379006692497,13.050369848538,4.8784783374428,1.4441704825643,3.8217682282494,10.514265586474,1.0743219443466,1.9549137020077,1.109545614653,8.6474110602325,8.8587530820712,7.2208524128214,1.0038746037337,3.7865445579429,2.923564635435,10.954561465305,5678
cute,9.3774781919112,1.6058683584457,2.319587628866,1.1300555114988,52.91435368755,3.2513877874703,1.1697065820777,1.1498810467883,2.8945281522601,0.7137192704203,1.6058683584457,0.45598731165741,3.1720856463125,4.0245836637589,2.5178429817605,0.81284694686757,1.665344964314,1.6256938937351,7.5931800158604,5044
dance,5.593884020138,2.5545403691963,4.1767667350364,1.920566846914,27.484616818945,3.3749766921499,1.5476412455715,1.5849338057058,5.7617005407421,1.9765056871154,1.9019205668469,0.52209584187955,4.9599104978557,11.597986201753,11.280999440612,0.82043632295357,2.1070296475853,1.5662875256386,9.2672011933619,5363
dangerous,0.39259674705552,9.5064498037016,0.84127874369041,2.9164329781268,1.402131239484,1.0656197420079,1.6545148625911,1.2619181155356,1.2899607403253,7.2910824453169,1.2619181155356,1.0375771172182,1.9068984856983,1.5423443634324,60.824453168817,0.47672462142457,0.64498037016265,0.58889512058329,4.0942232192933,3566
decadent,1.6393442622951,9.4607939956548,2.0738692474817,5.293304365001,8.7892553821845,3.5157021528738,7.1499111198894,2.2318783330041,1.9158601619593,9.737309895319,2.9626703535453,6.1623543353743,4.0884850878926,19.356112976496,7.0314043057476,2.4886430969781,2.3701362828363,1.8566067548884,1.8763578905787,5063
decisive,2.2286125089863,17.361610352265,8.7347232207045,2.6599568655643,2.0488856937455,1.509705248023,3.3069734004313,4.8885693745507,3.5945363048167,5.9669302659957,11.790079079799,1.078360891445,3.235082674335,2.9115744069015,17.505391804457,1.4737598849748,3.0553558590942,3.9539899352983,2.6959022286125,2782
deep,1.06135986733,18.242122719735,5.240464344942,1.028192371476,1.3598673300166,0.53067993366501,2.3880597014925,1.8573797678275,0.76285240464345,5.8706467661692,46.069651741294,0.72968490878939,1.1940298507463,5.240464344942,1.6915422885572,0.86235489220564,3.8474295190713,1.3598673300166,0.66334991708126,3015
devil,0.71196094385679,16.761594792514,0.95606183889341,4.2310821806347,1.5663140764849,0.54922701383238,1.6476810414972,0.99674532139951,0.81366965012205,18.449959316517,0.99674532139951,0.67127746135069,0.69161920260374,1.6680227827502,46.379170056957,0.69161920260374,0.7526444263629,0.8340113913751,0.63059397884459,4916
discount,2.8229823978745,2.3912321487878,4.3507140484889,2.2915974759216,2.9226170707406,4.2178678180007,2.6901361673863,6.343407505812,9.5317170375291,2.4576552640319,2.3248090335437,1.5277316506144,5.2474261042843,1.4945200929924,30.820325473265,1.8598472268349,1.7934241115908,1.8598472268349,13.052142145467,3011
disgust,1.0217800484001,8.4969077709062,1.0486689970422,5.2433449852111,2.984673299274,2.0166711481581,4.0602312449583,5.4315676257058,4.0871201936004,5.969346598548,1.1024468943264,42.027426727615,3.5762301694004,2.8502285560635,4.3291207313794,0.94111320247378,2.3931164291476,0.80666845926324,1.6133369185265,3719
dismal,0.94472361809045,15.718592964824,1.7688442211055,2.2713567839196,1.5477386934673,1.105527638191,38.231155778894,1.608040201005,1.2261306532663,2.7738693467337,3.6180904522613,11.557788944724,1.4472361809045,2.5326633165829,1.608040201005,5.9095477386935,4.1407035175879,1.1457286432161,0.84422110552764,4975
dog,1.4059753954306,8.8224956063269,2.7768014059754,17.152899824253,1.195079086116,4.0421792618629,4.920913884007,2.2847100175747,1.3005272407733,15.043936731107,2.390158172232,12.19683655536,12.794376098418,1.1599297012302,3.0228471001757,2.2144112478032,1.3356766256591,3.0579964850615,2.8822495606327,2845
drunk,2.4730869944719,9.5723014256619,2.9967995344777,4.7716031422752,5.4989816700611,4.1315100378237,5.9645039278441,4.3642711667152,4.3642711667152,5.9935990689555,3.6077974978179,17.544370090195,7.0410241489671,5.760837940064,6.1681699156241,2.0657550189118,2.9677043933663,1.4838521966832,3.2295606633692,3437
dublin,1.3820335636723,2.2211253701876,2.1717670286278,2.0236920039487,1.431391905232,1.258637709773,4.8864758144126,52.912142152024,10.414610069102,1.5794669299112,2.3938795656466,3.7265547877591,2.9861796643633,1.2339585389931,2.0730503455084,2.1964461994077,3.0602171767029,0.91312931885489,1.1352418558736,4052
duty,0.89568949430864,8.6023511849226,7.4640791192387,3.4894569882441,1.3808546370592,1.8473595820116,13.808546370592,7.4267587236425,1.3995148348572,5.8966225041985,18.175032655346,8.5650307893264,2.7617092741183,2.6684082851278,5.2994961746595,3.0789326366859,3.470796790446,2.127262548983,1.6420974062325,5359
dynamic,4.8825941110697,3.5594483786806,8.9638464405516,1.6026835631755,7.2679836004473,3.1308237048081,1.7704062616474,2.7021990309355,8.9824822959374,2.4040253447633,2.9071934401789,0.74543421543049,6.038017144987,3.8762579202385,26.015654118524,1.3231457323891,1.8635855385762,1.3604174431606,10.603801714499,5366
earthy,0.92238078663418,2.4190741385312,2.506091193874,11.55586494953,1.8447615732684,1.1660285415942,2.1580229725026,21.232161503655,2.4712843717369,8.6320918900104,1.4618865297598,32.109293421511,3.9157674904281,1.374869474417,2.4712843717369,0.71353985381135,1.3226592412113,0.66132962060564,1.0616080751827,5746
easy,13.607085346216,1.9726247987118,6.3003220611916,0.94605475040258,4.7302737520129,5.1127214170692,1.5096618357488,6.0789049919485,17.12962962963,0.92592592592593,1.8317230273752,0.62399355877617,3.6634460547504,1.5700483091787,2.5563607085346,3.8446054750403,2.9186795491143,12.661030595813,12.01690821256,4968
eclectic,6.3753310631858,3.7835792659856,5.3726825576996,2.9133560348089,13.431706394249,3.5565645100265,3.1214528944381,3.3863034430571,8.5508891411275,1.853953840333,2.6106696935301,3.7835792659856,7.5293227393114,11.010215664018,4.199772985244,2.1755580779417,4.7105561861521,2.894438138479,8.7400681044268,5286
efficient,4.044357469015,6.0339204174821,11.74168297456,1.5981735159817,1.8590998043053,2.7397260273973,6.8166992824527,9.9804305283757,8.4801043705153,1.9895629484671,8.5779517286367,1.46771037182,4.044357469015,2.0221787345075,4.337899543379,5.7077625570776,4.5988258317025,8.675799086758,5.2837573385519,3066
elegant,2.2156828803877,23.299290289077,2.5791933529514,3.1677341180544,3.3235243205816,2.1810628353817,5.7469274710057,1.748312272806,0.90012117015752,5.6257573134845,6.9066989787087,1.0559113726848,1.8348623853211,14.298078587502,2.4926432404362,5.4353470659512,5.7815475160118,10.178293231781,1.2290115977151,5777
elite,2.9132231404959,14.793388429752,7.6239669421488,2.1074380165289,2.7272727272727,4.7107438016529,4.3595041322314,3.1198347107438,2.1900826446281,4.3801652892562,11.301652892562,1.404958677686,3.202479338843,11.694214876033,4.4834710743802,3.7190082644628,3.4917355371901,8.0578512396694,3.7190082644628,4840
enduring,2.8053517479499,10.271903323263,5.6538627535606,5.2654294346137,1.5105740181269,3.1506258092361,7.639188605956,8.6750107898144,2.6758739749676,7.4665515753129,10.487699611567,4.4885627967199,4.2727665084161,4.4885627967199,5.3517479499353,3.539059128183,6.3875701337937,3.8843331894691,1.9853258523953,2317
energetic,3.4434045558891,1.4479957619636,5.3328624404026,0.72399788098181,6.4453469892283,4.3439872858909,0.91824121490376,1.8717993996115,14.1621048914,1.0241921243157,1.1831184884337,0.30019424333392,6.5689563835423,1.3420448525517,21.896521278474,0.49443757725587,0.67102242627583,0.61804697156984,27.211725233975,5663
entrepreneur,3.7398050527153,6.5645514223195,10.383926795305,2.3075392878456,3.322060871295,2.9441018500099,6.9822956037398,10.2645713149,6.5844440023871,3.7398050527153,9.9263974537498,1.85000994629,4.7145414760294,4.2570121344738,9.150586831112,2.6854983091307,4.3365824547444,1.8102247861548,4.4360453550826,5027
environmental,1.6410256410256,1.5897435897436,2.2051282051282,0.63247863247863,1.0598290598291,0.88888888888889,2.017094017094,60.376068376068,13.692307692308,0.76923076923077,0.95726495726496,5.4188034188034,1.2136752136752,0.95726495726496,1.4700854700855,1.025641025641,2.0683760683761,1.008547008547,1.008547008547,5850
erotic,1.2462612163509,5.5333998005982,1.3958125623131,4.7108673978066,14.506480558325,3.938185443669,1.1216350947159,0.9222333000997,1.5453639082752,12.412761714855,1.370887337986,0.72283150548355,1.4207377866401,8.7238285144566,37.013958125623,0.59820538384845,0.94715852442672,0.79760717846461,1.0717846460618,4012
excited,3.5118836466832,1.6849946789642,2.660517914154,0.88683930471799,13.036537779354,3.2103582830791,1.1528910961334,1.2770485987939,9.0457609081234,2.3057821922668,0.88683930471799,0.30152536360411,4.292302234835,1.9687832564739,29.726853494147,0.54984036892515,0.99326002128414,1.135154310039,21.372827243703,5638
expensive,1.9557274876424,13.819041478616,2.8583709434773,2.1276595744681,3.2667096496884,7.5005372877713,3.3526756931012,8.875993982377,2.7938964109177,5.7167418869547,5.2009456264775,2.2351171287342,5.3943692241565,10.272942187836,10.466365785515,2.2136256178809,1.9557274876424,4.5347087900279,5.4588437567161,4653
experience,3.0824140168722,5.9701492537313,7.5924724205062,3.8611291369241,2.0441271901363,3.2770927968851,7.7547047371836,8.3387410772226,4.7371836469825,6.0350421804023,14.568462037638,2.9201817001947,4.510058403634,5.3536664503569,4.315379623621,3.3095392602206,5.5807916937054,2.9201817001947,3.8286826735886,3082
fall,0.87441860465116,4.5209302325581,1.506976744186,15.981395348837,1.0232558139535,2.9023255813953,2.846511627907,2.8093023255814,0.78139534883721,12.558139534884,1.1720930232558,10.883720930233,31.479069767442,1.3581395348837,4.1674418604651,1.5441860465116,1.4511627906977,1.0976744186047,1.0418604651163,5375
familiar,3.1641168289291,2.8164116828929,9.4923504867872,4.6592489568846,3.6161335187761,6.432545201669,3.1641168289291,11.230876216968,3.3031988873435,3.7899860917942,6.7107093184979,2.3991655076495,9.9791376912378,4.5897079276773,4.798331015299,3.1988873435327,6.7107093184979,4.7287899860918,5.2155771905424,2876
fast,5.2838342172461,2.9856609703398,7.1105873109409,0.98212531919073,2.2981732469063,2.1606757022196,1.6892555490081,1.9249656256138,8.151640149283,1.7678255745433,2.1606757022196,0.33392260852485,3.0053034767236,1.2767629149479,39.02966018464,1.5714005107052,1.1589078766451,4.6749165193479,12.433706540955,5091
fear,1.2406947890819,29.032258064516,1.985111662531,3.1017369727047,1.5508684863524,1.4267990074442,4.9007444168734,1.6129032258065,1.302729528536,5.9553349875931,3.5980148883375,3.4119106699752,2.2952853598015,4.7146401985112,24.131513647643,1.6129032258065,1.6749379652605,2.4813895781638,3.970223325062,1612
female,2.9940119760479,1.5200368493782,1.7503454629203,2.7637033625058,51.566098572087,1.819438046983,0.96729617687702,1.9806540764625,1.6812528788577,2.1879318286504,1.5200368493782,0.48364808843851,1.5430677107324,11.377245508982,9.120221096269,0.69092584062644,1.6351911561492,2.1879318286504,2.2109626900046,4342
football,1.3479623824451,4.7962382445141,5.987460815047,9.4984326018809,0.87774294670846,1.4420062695925,2.1316614420063,25.172413793103,6.3636363636364,10.532915360502,3.8557993730408,4.7648902821317,4.4827586206897,1.0658307210031,8.1818181818182,1.1598746081505,1.7554858934169,4.4200626959248,2.1630094043887,3190
freedom,12.874251497006,1.8562874251497,16.666666666667,1.5169660678643,2.5349301397206,2.1357285429142,1.2574850299401,5.6087824351297,8.7824351297405,0.99800399201597,4.4311377245509,0.49900199600798,1.5768463073852,1.5968063872255,5.8882235528942,0.99800399201597,1.9560878243513,21.736526946108,7.0858283433134,5010
fresh,20.718540580789,1.3775130305287,4.6351451973194,0.53983618763961,2.2338049143708,2.3454951600894,0.7446016381236,9.8101265822785,33.972449739389,0.61429635145197,1.0796723752792,0.40953090096798,1.9731943410276,0.91213700670141,1.9731943410276,0.53983618763961,1.3588979895756,6.9806403574088,7.7810871183917,5372
friendly,6.8846815834768,1.4457831325301,7.2805507745267,1.4974182444062,8.1411359724613,11.411359724613,1.0499139414802,7.5387263339071,9.4492254733219,0.87779690189329,2.4440619621343,0.94664371772806,10.154905335628,2.9087779690189,2.9776247848537,0.82616179001721,3.0808950086059,1.9277108433735,19.156626506024,5810
fun,6.1556723757843,1.6618619637104,4.476852636934,0.88180430727489,17.042564015601,5.5791080210276,1.1022553840936,2.0010174665084,11.921315923351,0.74614210615567,1.0005087332542,0.47481770391725,8.1397320671528,2.4588773952857,8.5297608953705,0.62743768017636,0.86484653213498,0.57656435475666,25.758860437511,5897
furniture,1.1326860841424,4.5711974110032,1.881067961165,20.894012944984,1.2742718446602,2.3260517799353,5.3398058252427,2.5283171521036,0.86974110032362,17.839805825243,1.6990291262136,15.716019417476,7.9894822006472,1.7597087378641,1.881067961165,3.0542071197411,2.9935275080906,4.8948220064725,1.3551779935275,4944
future,14.118434258949,4.6838407494145,11.508865841419,0.63566410170626,4.3827367012379,3.3121445299431,3.7470725995316,3.7470725995316,6.5573770491803,1.0371361659418,4.7172967547675,0.63566410170626,3.7136165941787,4.2154566744731,3.0444964871194,6.8919371027099,3.2452325192372,11.207761793242,8.5981933757109,2989
gay,4.9109883364027,2.1178637200737,1.8109269490485,0.61387354205034,42.357274401473,4.2664211172498,1.7188459177409,1.4119091467158,4.1743400859423,0.61387354205034,1.0128913443831,0.52179251074279,2.5782688766114,8.0724370779619,4.1436464088398,0.95150399017802,1.3198281154082,1.0742786985881,16.329036218539,3258
generic,1.6271373414231,6.5637065637066,5.819084390513,1.5444015444015,1.5168229453944,2.1787093215665,18.560397131826,3.6679536679537,2.1511307225593,1.7650303364589,3.2818532818533,3.4749034749035,2.3441809156095,1.7098731384446,3.0888030888031,19.139547710976,2.7302813017099,16.519580805295,2.3166023166023,3626
georgian,1.6283738567923,3.9036359580638,4.3051527994646,8.0749498103948,2.074503680571,4.2828463082757,5.3312513941557,9.056435422708,2.1414231541379,10.729422261878,6.959625250948,7.1826901628374,8.5433861253625,4.528217711354,7.2496096364042,3.5690385902298,4.2382333258978,4.2605398170868,1.9406647334374,4483
gloomy,0.82076732200802,13.647642679901,1.7369727047146,1.297957625501,1.8324107654132,1.030731055545,44.645924794808,1.851498377553,1.2597824012216,1.851498377553,4.0083985493415,6.4897881275052,1.3361328497805,2.6340904752815,1.4697461347585,6.508875739645,4.5428516892537,1.0879938919641,1.9469364382516,5239
god,4.4302493303111,7.9126313620441,3.9769214918607,0.82423243354626,1.6896764887698,4.2447970327632,2.3490624356068,1.6072532454152,1.0508963527715,0.92726148773954,2.4933031114774,0.67999175767566,2.3078508139295,2.9878425716052,2.3284566247682,3.0290541932825,1.4836183803833,46.94003709046,8.7368637955904,4853
good,5.7283844668526,1.7163698777086,10.598583994851,1.0083673031538,4.0549238360867,5.0418365157691,1.0298219266252,12.980047200172,14.524780090109,1.0298219266252,3.3898305084746,0.75091182149753,4.9560180218837,2.0167346063077,4.4625616820425,1.0727311735679,3.1109204033469,12.293499249088,10.233855395838,4661
goth,0.49785407725322,67.570815450644,1.0472103004292,1.9055793991416,1.5278969957082,0.96137339055794,5.6995708154506,1.3390557939914,0.8755364806867,3.6051502145923,1.3218884120172,4.3090128755365,1.0472103004292,2.3347639484979,1.8712446351931,1.1502145922747,0.96137339055794,0.92703862660944,1.0472103004292,5825
government,0.74553659015107,14.753776731411,6.0231508730626,2.511281145772,1.2752599568374,1.0005885815185,22.993917990975,5.1598979792035,1.2164018049833,4.4928389248578,14.106337061016,4.3751226211497,1.6087894840102,1.7461251716696,5.8858151854032,5.8858151854032,2.4328036099666,2.9036688247989,0.88287227781048,5097
grace,8.5513361462729,3.1504922644163,4.4163150492264,1.9409282700422,6.3853727144866,5.3164556962025,2.1378340365682,2.8129395218003,2.3909985935302,1.8002812939522,3.4036568213783,0.90014064697609,3.1223628691983,10.379746835443,2.3628691983122,4.3319268635724,5.8227848101266,25.316455696203,5.4571026722925,3555
great,3.1242603550296,4.5443786982249,9.9644970414201,1.9171597633136,4.094674556213,5.1834319526627,1.7041420118343,6.0828402366864,7.3846153846154,4.0473372781065,6.8639053254438,0.71005917159763,5.9408284023669,6.5325443786982,14.958579881657,1.1834319526627,1.8224852071006,3.6923076923077,10.248520710059,4225
grow,1.4090807425632,1.5209125475285,2.2813688212928,0.96175352270186,1.3643480205771,2.1919033773205,2.035338850369,46.074703645717,22.9031536569,1.7222097964661,1.2077834936256,2.9523596510848,2.2590024602997,1.7893088794453,2.5050324312234,0.91702080071572,1.7893088794453,1.1406844106464,2.9747260120778,4471
happy,4.9317943336831,1.4515564882826,4.0748513466247,0.64707939839105,9.4613501224204,8.4470094438615,0.80447708989157,1.9062609303952,7.4676460300804,0.50717033927947,0.64707939839105,0.15739769150052,6.0160895417978,1.311647429171,5.8412032179084,0.50717033927947,0.78698845750262,1.7313746065058,43.301853795033,5718
hard,0.82401412595644,30.665097115951,1.6676476358642,3.766921718658,1.3341181086914,1.0594467333726,15.675887777124,1.2752599568374,1.1183048852266,11.084951932509,4.6497939964685,2.9232882087502,1.5303119482048,1.765744555621,13.949381989406,2.0796546988425,1.942319011183,1.255640572886,1.4322150284481,5097
hate,1.0051373687737,28.970292606656,1.250837614474,3.4621398257762,1.9879383515747,1.0051373687737,3.2164395800759,1.697565333929,1.608219790038,11.503238775966,1.4742014742015,2.769711860621,1.2061648425285,2.3453205271387,32.320750502569,0.67009157918249,0.93812821085548,0.80410989501899,1.7645744918472,4477
hazardous,1.3633834168058,4.8135781858653,1.8920422927101,1.9755147468002,2.031163049527,3.4223706176962,1.8920422927101,1.8363939899833,4.2570951585977,3.7840845854201,1.1964385086255,1.5303283249861,6.2326099053979,2.1702838063439,46.911519198664,0.63995548135782,1.2242626599889,0.91819699499165,11.908736783528,3594
hippie,2.7993254637437,2.1247892074199,1.9224283305228,2.4620573355818,14.907251264755,5.9021922428331,1.1804384485666,9.8819561551433,11.973018549747,1.7537942664418,1.4839797639123,9.3760539629005,8.6677908937605,7.8920741989882,3.2377740303541,0.80944350758853,1.8887015177066,1.079258010118,10.657672849916,2965
hockey,8.167701863354,8.8819875776398,10.062111801242,2.2981366459627,1.304347826087,1.6459627329193,3.5403726708075,7.2360248447205,2.7950310559006,3.1987577639752,5.7453416149068,1.3664596273292,3.0124223602484,1.5217391304348,10.031055900621,4.6894409937888,2.5465838509317,20.217391304348,1.7391304347826,3220
honor,1.5471512770138,4.0275049115914,10.437131630648,2.6031434184676,1.2278978388998,8.6689587426326,2.6768172888016,4.5186640471513,1.2033398821218,6.7043222003929,17.804518664047,1.6944990176817,6.213163064833,8.4479371316306,6.9007858546169,1.8172888015717,2.2838899803536,5.7956777996071,5.4273084479371,4072
hope,11.368861024033,1.7972831765935,7.8369905956113,1.0658307210031,5.4754440961338,5.8307210031348,1.1912225705329,8.3385579937304,10.156739811912,1.0449320794148,2.0898641588297,0.75235109717868,3.7199582027168,3.1765935214211,2.9049111807732,1.0449320794148,2.7795193312435,14.022988505747,15.402298850575,4785
hot,0.65602836879433,1.5425531914894,1.0106382978723,1.8085106382979,1.7730496453901,1.7198581560284,1.0106382978723,0.83333333333333,0.62056737588652,5.3191489361702,0.62056737588652,0.24822695035461,5.0886524822695,1.063829787234,71.081560283688,0.54964539007092,0.54964539007092,0.83333333333333,3.6702127659574,5640
hunting,1.2987012987013,3.5353535353535,1.3708513708514,5.8441558441558,0.57720057720058,1.0822510822511,1.0822510822511,20.995670995671,1.7316017316017,10.46176046176,1.2265512265512,25.974025974026,5.0505050505051,1.010101010101,14.069264069264,1.0822510822511,1.5873015873016,0.86580086580087,1.1544011544012,1386
hurt,0.93023255813953,8.812729498164,1.9828641370869,7.5642594859241,2.03182374541,1.0281517747858,5.0917992656059,1.3708690330477,1.1015911872705,18.139534883721,3.2068543451652,2.1787025703794,2.0073439412485,3.4271725826193,35.61811505508,1.6156670746634,1.5911872705018,1.0281517747858,1.2729498164015,4085
hygienic,16.220514179698,1.775775245163,5.7778955738139,0.58309037900875,7.6861913596607,0.90113967664988,1.2456930824278,6.8115557911476,4.5852107076597,0.68910681155579,1.5902464882057,0.55658627087199,1.0071561091969,0.98065200106016,1.2456930824278,2.1733368672144,2.5443943811291,41.743970315399,1.88179167771,3773
ignorant,2.3668639053254,13.806706114398,2.4513947590871,3.8602423217808,5.6635672020287,2.2823330515638,13.947590870668,2.3105100028177,3.6630036630037,4.2828965905889,1.6342631727247,12.905043674274,3.0149337841646,2.8740490278952,6.5934065934066,7.0724147647225,2.2823330515638,5.1845590307129,3.803888419273,3549
imagination,15.594751559475,2.688750268875,6.9477306947731,1.118520111852,15.659281565928,3.592170359217,1.677780167778,2.79630027963,7.3349107334911,0.94644009464401,2.172510217251,0.55926005592601,4.022370402237,9.4644009464401,3.22650032265,1.183050118305,2.903850290385,7.7436007743601,10.367821036782,4649
impossible,2.3844568737121,29.614365616721,2.0312040035325,3.032087135708,3.4147777450692,1.118634088902,9.0668236679423,1.2658227848101,2.7965852222549,4.5628495731528,2.472770091257,3.2970267883427,3.032087135708,3.2970267883427,16.985575507801,2.5022078304386,2.6788342655284,3.826906093612,2.6199587871651,3397
improbable,3.4898085237801,9.1723285978999,2.2853613341569,5.2501544163064,7.4428659666461,2.5633106856084,13.928350833848,2.3780111179741,4.2001235330451,3.5515750463249,2.9647930821495,7.3193329215565,4.8795552810377,6.1457689932057,6.2693020382952,6.5163681284744,4.9722050648548,3.3045089561458,3.3662754786905,3238
influence,3.36071695295,7.7296489917849,9.2233009708738,3.024645257655,3.8088125466766,2.9126213592233,4.2569081404033,5.4518297236744,3.1740104555639,5.4518297236744,11.277072442121,1.680358476475,4.2195668409261,8.9619118745332,13.03211351755,2.0537714712472,4.0702016430172,1.9417475728155,4.368932038835,2678
influential,2.8601694915254,8.2274011299435,9.9223163841808,2.5423728813559,3.4251412429379,2.9661016949153,4.590395480226,4.8728813559322,3.4604519774011,5.9322033898305,13.947740112994,1.4830508474576,4.4844632768362,8.1214689265537,12.005649717514,1.659604519774,3.5310734463277,2.4364406779661,3.5310734463277,2832
insecure,4.7137073452863,7.9236552920763,1.9664545980335,3.9329091960671,6.015037593985,4.3666859456333,11.451706188548,1.8218623481781,3.903990746096,2.7183342972817,2.4291497975709,8.5887796414112,4.2220936957779,3.903990746096,6.4198958935801,10.641989589358,5.3499132446501,3.8172353961828,5.8126084441874,3458
inviting,6.6173682214638,1.9150549867273,6.0864618885097,3.4319302237391,7.7550246492226,9.2339780053091,1.1755783086841,6.3519150549867,6.1054228289723,3.545695866515,2.7682973075465,1.1755783086841,10.409556313993,5.8778915434206,6.9776260902541,1.2703830109973,5.9537353052711,4.6454304133485,8.7030716723549,5274
invulnerable,2.1925925925926,25.362962962963,5.5703703703704,2.1333333333333,2.3407407407407,2.0444444444444,9.8074074074074,3.1111111111111,1.8074074074074,4.7111111111111,7.437037037037,1.8666666666667,2.1925925925926,3.3777777777778,10.311111111111,3.7925925925926,2.3407407407407,6.9333333333333,2.6666666666667,3375
jacobean,1.640903686088,6.7063020214031,3.3769322235434,7.7288941736029,3.0439952437574,2.8537455410226,6.8252080856124,4.9464922711058,1.5933412604043,12.009512485137,5.89774078478,8.3947681331748,5.4221165279429,13.103448275862,4.5422116527943,3.3531510107015,4.0190249702735,2.4494649227111,2.0927467300832,4205
jealous,0.75231481481481,3.7229938271605,1.2924382716049,2.2762345679012,5.2854938271605,2.5848765432099,1.9868827160494,18.499228395062,14.54475308642,5.883487654321,1.3695987654321,4.4945987654321,2.7391975308642,8.1211419753086,17.071759259259,0.84876543209877,1.4081790123457,0.67515432098765,6.4429012345679,5184
joy,7.3081607795371,1.2180267965895,2.436053593179,0.54811205846529,9.0133982947625,11.693057247259,0.66991473812424,1.278928136419,5.8465286236297,0.97442143727162,1.0353227771011,0.48721071863581,7.2472594397077,1.6443361753959,5.237515225335,0.54811205846529,1.3398294762485,2.0706455542022,39.403166869671,1642
jubilant,3.9953452288596,2.0170674941815,4.0147401086113,0.81458494957331,14.022498060512,7.5252133436773,1.3770364623739,1.7649340574088,7.0403413498836,1.3964313421257,1.2606671838635,0.69821567106284,6.4584949573313,4.1117145073701,10.55081458495,0.75640031031808,1.1249030256012,1.4546159813809,29.615981380915,5156
junkie,2.0596312279325,16.888976069047,2.0596312279325,3.5111808552373,6.1592781482934,2.0596312279325,10.965084346803,3.2757944291879,5.2765790506081,4.8058061985092,1.2946253432719,17.81090623774,2.9227147901138,4.9823460180463,5.9827383287564,3.0796390741467,2.2754021184778,1.4711651628089,3.118870145155,5098
knowledge,2.9308106102764,6.1027638657021,10.424782044148,3.3203487293638,1.5767019105917,3.6356891114821,5.3236876275274,10.146540530514,3.1534038211835,5.1567427193471,14.375811537748,2.6340196624003,3.9695789278427,5.3051381932851,2.541272491189,2.8566128733074,4.8043034687442,6.9560378408459,4.7857540345019,5391
kudos,4.0661070304302,3.3578174186779,8.2109129066107,2.1773347324239,6.794333683106,8.2633788037775,1.9150052465897,8.0797481636936,10.309548793284,2.6495278069255,4.0136411332634,1.6789087093389,8.8405036726128,5.0891920251836,6.4008394543547,1.2854144805876,3.1217208814271,2.5708289611752,11.175236096537,3812
launch,7.9577597586272,2.3571563266076,10.258344333396,2.432585329059,2.2251555723176,4.2805958891194,3.4885913633792,3.790307373185,6.2794644540826,2.7531585894777,4.9405996605695,1.5085800490289,8.9194795398831,1.5462945502546,15.594946256836,3.1868753535734,4.865170658118,6.6377522157269,6.9771827267584,5303
lazy,3.6986301369863,3.4246575342466,2.9354207436399,4.4227005870841,2.5831702544031,4.4031311154599,14.050880626223,3.307240704501,1.6829745596869,2.8375733855186,3.9921722113503,14.40313111546,5.3033268101761,4.3248532289628,1.3502935420744,10.13698630137,10.058708414873,3.972602739726,3.1115459882583,5110
leader,1.7012227538543,8.0542264752791,12.121212121212,2.8442317916002,2.3125996810207,2.5518341307815,2.6315789473684,3.7480063795853,2.7379053694843,5.5555555555556,15.311004784689,1.3290802764487,3.2695374800638,4.9973418394471,20.46783625731,0.98351940457204,1.9138755980861,3.11004784689,4.3593833067517,3762
liberal,6.3687352994391,2.8044146915144,18.12918400579,1.4293468427718,6.6763162656052,3.9261805681201,2.8044146915144,6.4953862855075,6.7848742536638,1.4293468427718,7.2914781979374,1.6464628188891,3.7452505880224,3.4376696218563,7.2733851999276,2.2616247512213,3.4738556178759,6.7486882576443,7.2733851999276,5527
library,1.0448916408669,2.5348297213622,3.1927244582043,12.848297213622,1.1996904024768,3.0379256965944,8.8815789473684,5.9791021671827,1.0642414860681,14.783281733746,4.4311145510836,11.803405572755,5.8243034055728,2.3800309597523,1.8382352941176,6.25,5.1277089783282,5.9017027863777,1.8769349845201,5168
light,7.8685258964143,1.593625498008,1.4442231075697,0.59760956175299,1.7181274900398,3.8097609561753,1.3446215139442,0.79681274900398,1.6932270916335,0.64741035856574,0.77191235059761,0.32370517928287,1.4940239043825,0.97111553784861,1.0956175298805,3.7101593625498,0.94621513944223,39.865537848606,29.307768924303,4016
likely,6.5552699228792,2.3457583547558,8.0334190231362,2.0565552699229,6.4910025706941,7.133676092545,2.9562982005141,8.3868894601542,12.724935732648,1.3496143958869,3.4061696658098,1.6066838046272,6.9408740359897,4.0167095115681,4.2416452442159,3.6953727506427,5.2377892030848,4.0488431876607,8.7724935732648,3112
lonely,2.030644268045,15.04522798597,3.4890160605501,1.3660697803212,1.4214509876315,1.0153221340225,26.342994277275,1.2553073657006,0.90455971940188,1.4768321949418,7.8456710356286,3.9689865239062,1.3660697803212,2.5844563411482,1.2368469632638,13.439172973971,6.7934280967325,7.4210817795828,0.99686173158575,5417
love,1.4846235418876,1.5906680805938,1.8911276069282,5.3199010250972,14.17462000707,1.219512195122,1.3078826440438,1.5729939908095,1.2018381053376,12.265818310357,0.93672675857193,0.21208907741251,1.643690349947,3.6408624955815,46.058677978084,0.72463768115942,0.91905266878756,1.9794980558501,1.8557794273595,5658
magic,5.3776888444222,11.530765382691,8.3541770885443,0.7503751875938,12.331165582791,2.8264132066033,1.8259129564782,1.8009004502251,3.1015507753877,1.3506753376688,5.5777888944472,0.72536268134067,2.4512256128064,26.213106553277,4.0270135067534,1.3506753376688,1.8009004502251,2.4262131065533,6.1780890445223,3998
marriage,3.7096258394627,3.2619123760793,4.5730732331308,3.2938919091781,8.2826990725935,3.0700351774864,1.7588743204349,3.2938919091781,1.566997121842,3.9015030380556,3.5497281739687,1.1832427246562,3.9654621042533,6.7796610169492,9.3700031979533,2.270546850016,3.5177486408698,29.229293252319,3.4218100415734,3127
maximal,2.3389708528248,11.263044260525,6.3332133861101,2.087081684059,3.1306225260885,2.4469233537244,1.9791291831594,3.63440086362,4.4620367038503,4.5340050377834,5.5775458798129,0.79165167326376,2.8787333573228,3.8503058654192,30.478589420655,1.3314141777618,1.9431450161929,5.8294350485786,5.1097517092479,2779
mean,1.4348574708246,13.21982016453,3.1375550028697,5.0124354314138,2.2001147885977,1.7026975320452,10.617945284102,4.7254639372489,2.2001147885977,10.407499521714,2.8505835087048,5.5672469867993,3.0610292710924,2.9462406734264,18.710541419552,5.2611440596901,2.6210063133729,2.3531662521523,1.9705375932657,5227
medicine,8.4132055378062,2.1476748313809,10.649627263046,2.0944266950657,2.9286474973376,1.4022009229677,2.7511537096202,7.9517216897409,4.1533546325879,2.8576499822506,5.3425630102946,2.484913028044,2.0589279375222,2.2719204827831,10.809371671991,3.3368832090877,6.4785232516862,19.843805466809,2.0234291799787,5634
melancholy,1.9270346117867,9.6725912067353,3.55472404116,2.3947614593078,2.2637979420019,1.77736202058,22.768942937325,1.8521983161833,0.89803554724041,2.7876520112254,10.308699719364,5.9494855004677,2.5818521983162,6.7726847521048,1.421889616464,7.4087932647334,12.535079513564,1.6651075771749,1.4593077642657,5345
mellow,5.9246275197195,1.7002629272568,2.4014022787029,2.418930762489,2.3312883435583,18.965819456617,2.7169149868536,5.0657318141981,2.6292725679229,1.4548641542507,2.5766871165644,3.558282208589,10.464504820333,2.8571428571429,1.5249780893953,4.3120070113935,12.112182296231,3.5056967572305,13.479404031551,5705
minimal,1.9860973187686,8.2092022509103,2.0854021847071,1.456471367097,2.0854021847071,1.6881827209533,8.0436941410129,1.4895729890765,1.2578616352201,1.2247600132406,1.5888778550149,1.8205892088712,1.4233697451175,1.456471367097,2.0854021847071,19.993379675604,2.4826216484608,37.504137702747,2.1185038066865,3021
mission,1.773180642778,10.140376800887,6.8156630956779,5.2087181381603,1.9948282231252,2.8260066494274,6.8526043590691,8.2194311045438,2.3457702253417,6.2061322497229,7.8130772072405,5.7628370890284,4.0450683413373,4.3590690801625,10.398965644625,3.0845954931659,3.7495382342076,5.5781307720724,2.8260066494274,5414
modern,5.2048102217212,10.409620443442,5.0357008643367,1.7098835024427,6.2006764374295,1.728673431041,9.2258549417512,1.8602029312289,5.0169109357384,1.6723036452461,2.5554302893649,1.3904547162721,3.5700864336716,4.3216835776024,4.9793310785419,11.537016159339,5.2236001503194,15.276211950395,3.0815482901165,5322
moment,7.5327972915785,4.9090139652983,6.9191705459162,2.2217520101566,4.6550994498519,4.1049513330512,5.289885738468,4.1472704189589,4.9301735082522,1.6081252644943,3.9356749894202,1.4176893779094,4.7608971646212,4.2742276766822,5.7342361404994,7.4058400338553,5.8400338552687,13.22471434617,7.0884468895472,4726
money,0.71870299181013,3.3595186361357,2.3232492060839,0.81898713020224,1.2201236837707,6.368042787899,3.1589503593515,51.328764833695,6.9028915259903,1.0362694300518,2.139394952365,2.5572455289988,3.4263747283971,1.5376901220124,2.6073875981949,1.7382583987966,1.6212602373391,0.96941333779041,6.1674745111148,5983
music,6.7768595041322,8.2277318640955,12.249770431589,2.3140495867769,9.1460055096419,3.8751147842057,2.1487603305785,3.4527089072544,5.3994490358127,2.3875114784206,5.6932966023875,0.78971533516988,5.8953168044077,7.8787878787879,6.6115702479339,1.4325068870523,4.8668503213958,3.3425160697888,7.5114784205693,5445
mystical,7.0112264350773,7.6466850243592,3.961025206524,1.2285532726117,7.3501376826943,1.4403728023724,3.6432959118831,2.3723787333192,1.969921626774,1.7792840499894,5.8674009743698,1.8640118618937,2.4147426392713,33.848760855751,1.5039186613006,3.5162041940267,6.7358610463885,3.8762973946198,1.969921626774,4721
narcissist,3.264,11.296,3.488,2.56,18.56,2.944,2.848,2.304,3.84,5.088,2.848,1.504,2.88,9.952,14.432,1.568,1.824,2.336,6.464,3125
natural,1.9227438073792,1.8361337259657,1.9400658236619,2.3038281655985,0.88342283041746,2.3211501818812,1.7841676771176,45.88602113286,7.448467001559,1.3337952537675,1.0393209769617,14.896934003118,3.4470812402564,0.91806686298285,1.2125411397887,1.5589814654426,2.44240429586,6.0107396500953,0.81413476528668,5773
naughty,1.2611275964392,8.9762611275964,2.4851632047478,4.6550445103858,17.080860534125,1.186943620178,1.6876854599407,1.2796735905045,2.169881305638,10.719584569733,1.8545994065282,2.2255192878338,2.7262611275964,7.1216617210682,29.488130563798,0.8160237388724,1.2611275964392,0.68620178041543,2.3182492581602,5392
new,7.1771217712177,2.3431734317343,6.2546125461255,0.60885608856089,3.8007380073801,2.8044280442804,1.3653136531365,4.0774907749077,13.431734317343,1.0147601476015,1.6789667896679,0.40590405904059,2.8044280442804,1.6789667896679,8.4132841328413,2.029520295203,1.4760147601476,24.317343173432,14.317343173432,5420
nimble,13.501699854298,3.1568722680913,5.7552209810588,1.4084507042254,6.43516270034,4.6381738708111,2.7683341427878,3.6668285575522,12.020398251578,1.3113161728995,2.3069451189898,1.8212724623604,5.3181155900923,2.7683341427878,5.8766391452161,3.448275862069,3.6182612918893,5.7795046138902,14.400194269063,4118
now,5.591054313099,5.2076677316294,6.8690095846645,1.2779552715655,3.961661341853,4.0894568690096,2.3642172523962,4.8242811501597,8.5303514376997,1.9808306709265,2.555910543131,1.1501597444089,4.2492012779553,2.4600638977636,18.562300319489,2.555910543131,2.4600638977636,11.884984025559,9.4249201277955,3130
objective,2.4630541871921,11.294862772695,8.1632653061224,2.0056298381422,2.3926812104152,2.3926812104152,11.048557353976,4.8205489092189,3.4834623504574,1.4778325123153,8.1632653061224,2.2519352568614,3.9760731878958,2.146375791696,5.3131597466573,9.2540464461647,4.0112596762843,12.280084447572,3.0612244897959,2842
old,0.91339648173207,4.6515561569689,0.91339648173207,6.5798376184032,1.0148849797023,1.3870094722598,34.979702300406,1.5392422192152,0.64276048714479,6.190798376184,1.8775372124493,16.694857916103,3.0277401894452,1.8606224627876,1.1502029769959,10.757780784844,2.5710419485792,2.6217861975643,0.62584573748309,5912
optimistic,9.7491717936583,1.8930430667298,6.010411736867,0.47326076668244,5.7027922385234,8.2820634169427,1.0175106483673,3.5731187884524,11.452910553715,1.2304779933743,1.6090866067203,0.66256507335542,5.4661618551822,1.9876952200663,3.6204448651207,1.0648367250355,1.4671083767156,4.6142924751538,30.123047799337,4226
organic,1.0140845070423,2.0469483568075,1.2018779342723,2.3661971830986,1.2957746478873,1.5962441314554,1.5586854460094,48.788732394366,9.8779342723005,2.0281690140845,0.75117370892019,16.037558685446,3.5680751173709,0.84507042253521,1.8591549295775,0.90140845070423,1.9154929577465,1.3708920187793,0.97652582159624,5325
paradise,25.900565644537,1.3694551949985,6.5197975587973,0.53587377195594,4.5251562965168,5.4480500148854,0.62518606728193,9.5564155998809,10.270913962489,0.92289371836856,1.7267043763025,0.50610300684728,4.4060732360822,2.5007442691277,2.7091396248884,0.98243524858589,3.5724918130396,8.663292646621,9.2587079487943,3359
party,3.5530621785881,2.805049088359,5.820476858345,1.3090229079009,24.964936886396,3.1323048153343,2.2674146797569,1.7064048620851,7.6203833567087,1.8700327255727,3.1790556334736,0.65451145395044,5.4230949041608,5.1192145862553,16.222533894343,0.91164095371669,1.3791491351099,0.72463768115942,11.337073398784,4278
passion,0.91711956521739,2.1569293478261,1.5115489130435,4.5686141304348,7.4388586956522,0.88315217391304,0.96807065217391,1.1379076086957,1.0529891304348,15.794836956522,1.460597826087,0.390625,1.9701086956522,7.6426630434783,48.59035326087,0.57744565217391,0.86616847826087,0.73029891304348,1.3417119565217,5888
passive,4.4047239067986,3.8621129907437,3.3833386530482,2.2981168209384,3.19182891797,3.0960740504309,13.916374082349,3.0960740504309,1.595914458985,1.8831790616023,3.2237472071497,5.2665177146505,3.6386849664858,2.6811362910948,2.7449728694542,21.991701244813,8.3625917650814,8.8413661027769,2.5215448451963,3133
peace,11.557993093642,1.5843997562462,7.4141783465367,0.38594353036766,3.6766199471867,2.6812918951859,1.2593946780418,9.1204550071095,5.0985171643307,0.67032297379647,2.4578509039204,0.89376396506195,1.868779199675,2.1125330083283,1.3000203128174,2.3562868169815,4.6719479991875,36.319317489336,4.5703839122486,4923
peaceful,14.639061927446,1.8138512275559,6.3209967020887,0.75119091242213,2.565042139978,2.7482594356907,1.5573470135581,8.8127519237816,4.1407108831074,0.73286918285086,3.4628068889703,1.2275558812752,2.363503114694,2.7116159765482,1.2275558812752,4.4155368266764,10.791498717479,26.749725174056,2.968120190546,5458
personal,4.5980813761164,6.1859080383725,8.0052927555409,4.5650016539861,6.3513066490241,3.6718491564671,4.7634799867681,4.7634799867681,1.98478332782,4.2342044326828,8.1045319219319,2.1501819384717,6.6490241481972,8.1376116440622,4.5650016539861,3.7380086007278,9.2623221964935,5.6897122064175,2.5802183261661,3023
playful,8.4859913793103,1.3469827586207,4.9568965517241,0.72737068965517,19.665948275862,5.4956896551724,1.239224137931,2.2898706896552,11.691810344828,0.83512931034483,1.2661637931034,0.21551724137931,6.4116379310345,2.7209051724138,6.25,0.75431034482759,1.0237068965517,0.61961206896552,24.003232758621,3712
pleasing,8.7325537533006,1.5654470011316,6.0731799321011,2.9422859298378,12.919652961147,7.6574877404753,1.3956997359487,7.0539419087137,4.9981139192757,2.3010184835911,2.8857035081101,1.2259524707657,7.4122972463221,6.9030554507733,4.9603923047906,1.2636740852508,7.751791776688,3.77216144851,8.1855903432667,5302
possible,9.4406629180231,2.6635099141758,9.3222846996153,1.1541876294762,4.8239124001184,6.2444510210121,2.0124297129328,9.4406629180231,12.548091151228,1.4797277300977,2.9594554601953,1.0654039656703,5.1494525007399,3.9952648712637,4.1432376442735,2.4859425865641,3.6401302160402,7.1026931044688,10.328499556082,3379
powerful,0.98505434782609,14.707880434783,5.1630434782609,2.0380434782609,2.0889945652174,1.4775815217391,1.7493206521739,2.0380434782609,1.9870923913043,9.1711956521739,8.2880434782609,0.8491847826087,2.1059782608696,5.0611413043478,35.529891304348,0.76426630434783,0.74728260869565,1.3077445652174,3.9402173913043,5888
preceding,3.9463886820551,6.2546537602383,4.4676098287416,3.723008190618,2.9784065524944,4.4303797468354,9.2702903946389,6.0685033507074,4.6537602382725,3.4996276991809,4.3559195830231,3.9463886820551,5.4355919583023,4.6909903201787,4.3931496649293,8.7862993298585,6.403574087863,7.9672375279226,4.7282204020849,2686
predatory,1.2040939193257,12.763395544852,2.0469596628537,6.742925948224,1.3847080072246,1.6255267910897,3.4918723660446,3.0102347983143,1.3847080072246,14.148103552077,3.4316676700783,4.4551475015051,3.4918723660446,2.5888019265503,31.727874774232,1.2040939193257,2.2275737507526,1.0836845273931,1.9867549668874,1661
prime,1.7860609590371,8.2896524946612,9.8039215686275,1.7278198408076,2.4072995534848,4.4651523975927,3.5527082119977,3.4556396816152,3.0867792661619,4.6204620462046,9.7650941564745,0.9706853038245,3.2809163269268,5.1446321102699,14.851485148515,2.6985051446321,1.8831294894195,11.143467287905,7.0665890118424,5151
probable,4.2271293375394,3.1230283911672,8.3596214511041,2.6813880126183,2.807570977918,5.3943217665615,8.4227129337539,8.9274447949527,6.4353312302839,2.0504731861199,5.7097791798107,3.7223974763407,6.5930599369085,5.2996845425868,2.9652996845426,7.5078864353312,7.9495268138801,3.5015772870662,4.3217665615142,3170
productive,3.4447123665174,3.4102652428522,12.228728901137,2.6179813985532,2.5146400275577,4.547020323803,3.3069238718567,14.950051670685,10.471925594213,2.8246641405443,7.1994488460214,1.377884946607,5.9937995177403,1.8601446779194,7.1650017223562,1.8601446779194,4.6503616947985,3.1002411298657,6.4760592490527,2903
professional,0.97402597402597,19.318181818182,8.8203463203463,1.8668831168831,1.3528138528139,0.91991341991342,13.825757575758,2.4621212121212,0.9469696969697,3.6255411255411,21.482683982684,1.3257575757576,1.6504329004329,2.0292207792208,2.7867965367965,6.0064935064935,4.9242424242424,4.7619047619048,0.91991341991342,3696
profit,1.2393636699963,6.2708102108768,5.3089160192379,1.2208657047725,2.0347761746208,4.2175360710322,2.9226785053644,34.96115427303,12.856085830559,2.3862375138735,4.1805401405845,1.9977802441731,3.5886052534221,2.2937476877543,5.7343692193859,1.1098779134295,1.479837217906,1.1468738438772,5.0499445061043,5406
progress,4.798027688223,3.2239711739048,13.711359757254,1.5930210506353,2.9584676654656,3.3187938554902,3.3756874644415,15.456097098426,14.697515645742,1.95334724066,5.7462545040774,1.0430494974398,4.4187369618813,2.7877868386118,6.4289778114925,2.2188507490992,3.6791200455149,3.5463682912953,5.0445666603452,5273
public,3.8426068244697,2.7666769136182,13.249308330772,1.8137104211497,2.0596372579158,3.811865969874,6.7322471564709,10.544113126345,6.4863203197049,1.7522287119582,6.0559483553643,2.151859821703,5.1029818628958,2.6129726406394,4.7340916077467,5.7792806640025,3.9963110974485,10.328927144175,6.1789117737473,3253
pure,7.8500184706317,3.1584780199483,3.9342445511636,0.77576653121537,2.1610639083857,1.071296638345,1.1821204285187,1.6992981159956,1.7177687476912,0.68341337273735,1.2929442186923,0.49870705578131,1.2005910602143,1.4222386405615,1.8285925378648,1.865533801256,1.1451791651274,63.926856298485,2.5858884373846,5414
radical,2.430293896006,9.4197437829691,3.2215523737754,1.6201959306707,10.568952524491,1.3564431047476,1.7332328560663,1.9781461944235,9.2690278824416,4.0881688018086,1.5636774679729,1.3376036171816,3.1461944235117,3.9186134137151,36.718161266014,0.54634513941221,1.2810851544838,1.2999246420497,4.5026375282592,5308
railway,1.0328638497653,13.458528951487,2.9420970266041,6.7605633802817,1.0641627543036,1.5336463223787,32.018779342723,3.0359937402191,1.5336463223787,7.7621283255086,3.6932707355243,4.3505477308294,2.6291079812207,1.9092331768388,4.131455399061,7.0735524256651,2.2848200312989,1.471048513302,1.3145539906103,3195
rain,14.336997980705,1.7276194749832,18.93650437514,0.26923939869868,0.85259142921247,0.65066188018847,13.551716401167,1.9295490240072,1.6154363921921,0.69553511330491,10.85932241418,0.8750280457707,0.74040834642136,1.0993942113529,1.3686336100516,11.038815346646,16.760152568993,2.0192954902401,0.67309849674669,4457
real,2.974358974359,8.7179487179487,8.6837606837607,3.4871794871795,1.8803418803419,3.1111111111111,4.5811965811966,15.487179487179,3.2820512820513,3.1794871794872,8.0,2.8717948717949,3.8974358974359,2.1538461538462,6.3589743589744,3.6239316239316,3.3846153846154,10.222222222222,4.1025641025641,2925
rebellious,1.1437908496732,14.161220043573,1.6702977487291,2.6325344952796,7.2984749455338,1.19825708061,1.9607843137255,1.7429193899782,4.6477850399419,7.9520697167756,1.2890341321714,1.59767610748,2.5417574437182,3.921568627451,41.521423384168,0.63543936092956,0.85330428467683,0.63543936092956,2.596223674655,5508
recession,1.271186440678,19.165580182529,2.0208604954368,4.3350717079531,1.857887874837,1.3363754889179,22.555410691004,2.6401564537158,1.2059973924381,5.7040417209909,3.748370273794,6.9100391134289,2.2490221642764,2.0860495436767,11.505867014342,5.4432855280313,2.8031290743155,2.1186440677966,1.0430247718383,3068
reconciliation,6.0553633217993,2.4913494809689,7.1626297577855,4.0138408304498,5.0519031141869,5.1557093425606,3.7716262975779,9.3425605536332,4.4636678200692,2.80276816609,5.2249134948097,2.2837370242215,6.2629757785467,6.3321799307958,4.7750865051903,3.8754325259516,8.2352941176471,8.4429065743945,4.2560553633218,2890
recovery,6.558280518049,2.9760264535685,7.2471755304492,2.5902452466244,2.8933590520805,3.8578120694406,2.6178010471204,17.029484706531,11.738771011298,2.4249104436484,3.7751446679526,2.3697988426564,5.1253788922568,2.7831358500964,5.1804904932488,2.5902452466244,6.6133921190411,7.1093965279691,4.5191512813447,3629
relaxed,14.34191702432,1.931330472103,7.1173104434907,1.8776824034335,1.8061516452074,4.4349070100143,2.5929899856938,9.2274678111588,3.3977110157368,1.2875536480687,5.7045779685265,2.2353361945637,4.9535050071531,3.0937052932761,1.2517882689557,5.5793991416309,18.007868383405,8.673104434907,2.4856938483548,5592
reliability,3.1362299901993,5.2270499836655,13.165632146357,2.7442012414244,2.0581509310683,2.1888271806599,5.8477621692257,10.388761842535,3.0055537406076,3.7896112381575,20.450833061091,1.9928128062725,3.7569421757596,2.874877491016,3.2995753021888,2.6788631166286,6.2724599803986,4.1489709245345,2.9728846782097,3061
retro,5.2083333333333,3.1762295081967,1.9979508196721,7.8893442622951,8.2137978142077,4.3886612021858,5.2424863387978,2.5102459016393,5.8060109289617,5.2083333333333,1.5881147540984,13.353825136612,13.217213114754,6.2670765027322,4.2862021857923,2.4931693989071,5.3620218579235,1.0245901639344,2.766393442623,5856
rich,0.85997382688353,5.8328659562535,3.739016638624,1.9816788184707,2.2994952327538,12.488315573004,1.6825574873808,15.984296130118,3.7951018882034,7.0480463638063,5.5524397083567,1.7947279865395,6.9358758646476,10.656197420079,4.4868199663489,1.1030099083941,1.2712656571322,2.6547018134231,9.8336137595812,5349
risk,1.0095344924285,5.8328659562535,1.6825574873808,3.2529444756029,2.8323051037577,1.7666853617499,2.4116657319125,1.6264722378015,1.8788558609086,6.6461020751542,1.2619181155356,1.2338754907459,3.4492428491307,2.0751542344363,54.907459338194,0.95344924284913,1.1217049915872,1.0375771172182,5.0196298373528,3566
rococo,2.9400386847195,3.3655705996132,2.4371373307544,6.9825918762089,10.464216634429,9.2069632495164,3.8684719535783,1.9148936170213,2.3984526112186,8.1818181818182,2.2823984526112,6.2862669245648,10.715667311412,10.135396518375,4.4874274661509,2.9013539651838,3.5009671179884,3.8878143133462,4.0425531914894,5170
romantic,1.7014824797844,1.8867924528302,1.8530997304582,8.4568733153639,18.311994609164,1.0950134770889,1.010781671159,1.3140161725067,1.1287061994609,18.66576819407,1.4656334231806,0.60646900269542,1.9541778975741,11.337601078167,24.208221024259,0.57277628032345,1.9036388140162,1.5835579514825,0.94339622641509,5936
royal,0.903342366757,2.2222222222222,14.327009936766,1.9512195121951,1.6621499548329,6.449864498645,1.1382113821138,1.0117434507678,0.68654019873532,5.8355916892502,20.343270099368,0.74074074074074,3.7037037037037,26.540198735321,5.5826558265583,0.66847335140018,0.79494128274616,1.156278229449,4.2818428184282,5535
rustic,0.86476540938362,1.6927322907084,0.97516099356026,24.894204231831,1.1407543698252,2.1711131554738,2.9990800367985,5.4277828886845,1.1775528978841,19.576816927323,1.048758049678,22.391904323827,8.3900643974241,1.2511499540018,1.96872125115,1.1775528978841,1.1407543698252,0.95676172953082,0.75436982520699,5435
sad,1.2868005459154,13.823357379606,6.6484694872295,1.9302008188731,1.1308247221681,0.72138818483135,27.451744979528,1.2088126340417,0.68239422889452,2.2616494443361,15.636576330669,4.9717293819458,1.3452914798206,3.3729771885358,1.7937219730942,5.5566387209982,7.9742639890817,1.3257945018522,0.87736400857867,5129
sadness,1.9338739862757,17.092950717405,7.1116656269495,1.4971927635683,0.99812850904554,1.1228945726762,23.393636930755,0.93574547723019,1.0605115408609,3.1815346225827,14.597629444791,4.3668122270742,1.3100436681223,3.3063006862134,2.0586400499064,7.0492825951341,6.1759201497193,1.434809731753,1.3724266999376,1603
safe,5.1733626857457,3.6140157769217,9.1542836176848,2.2197761878554,1.6143826820767,2.9719317556412,4.2194092827004,15.483397541735,7.6499724821134,2.4582645386168,10.438451660246,1.6694184553293,3.3755274261603,2.0730141258485,2.4582645386168,3.5773252614199,7.558246193359,11.282333516786,3.0086222711429,5451
sarcasm,2.2375690607735,8.7016574585635,2.8453038674033,4.6961325966851,6.9613259668508,3.8121546961326,6.3259668508287,3.7845303867403,5.7734806629834,6.7955801104972,2.3480662983425,5.939226519337,6.7403314917127,6.8508287292818,12.044198895028,2.4585635359116,3.3149171270718,1.3812154696133,6.9889502762431,3620
secure,2.6818071998067,8.6252718047838,10.171539019087,3.3099782556173,1.5945880647499,1.9086735926552,7.1514858661512,10.968833051462,3.9139888862044,4.0347910123218,18.410244020295,1.5221067890795,3.1408552790529,2.7059676250302,4.2763952645567,2.5610050736893,6.1125875815414,4.493839091568,2.4160425223484,4139
sensible,5.8539529269765,4.3753771876886,7.5437537718769,2.9873264936632,6.6385033192517,3.802051901026,9.1430295715148,6.6385033192517,2.3838261919131,2.8968014484007,10.16898008449,2.8364514182257,3.4701267350634,4.3150271575136,2.1726010863005,6.4574532287266,8.1774290887145,7.0006035003018,3.1382015691008,3314
sensual,1.8972786508241,3.7945573016481,1.7631276351092,6.8800306630893,13.491759294749,1.8589497891913,1.4564967420468,1.609812188578,1.3415101571483,16.36642391721,1.513990034496,0.8240705251054,2.7980068991951,14.047527788425,23.840551935608,1.1115369873515,2.1080873898045,1.8972786508241,1.3990034495975,5218
sex,0.83056478405316,4.2635658914729,1.5688445921004,3.8944259874492,14.027316352898,1.2550756736803,0.97822074566261,1.4581026208933,1.328903654485,11.461794019934,1.2919896640827,0.51679586563308,2.141011443337,6.1277224067922,43.540051679587,0.70136581764489,0.8859357696567,2.0856404577335,1.6426725729051,5418
shabby,1.4029905851948,2.8982831825734,1.2922281705741,7.8825918405021,2.3260107070334,2.2521690972863,16.429758168728,2.1598670851025,1.4952925973786,4.7074026213771,1.2922281705741,35.905482739524,3.8582241092856,2.0860254753554,1.8645006461141,5.77810596271,3.4705556581133,1.9937234631715,0.90455971940188,5417
silly,5.5038906813437,2.5241981400645,2.3913456063769,1.34750427026,25.830328335548,3.5490605427975,5.731637881951,1.5562725374834,12.146517365724,1.2526096033403,1.1197570696527,3.7768077434048,5.1432909470488,4.9724805465933,3.1694818751186,1.8599354716265,1.6511672044031,1.2526096033403,15.221104573923,5269
simple,4.4102386717399,6.7796610169492,3.9778623313732,1.03770321688,1.5911449325493,2.1099965409893,4.9290902801799,2.5769629885853,3.4244206157039,0.67450709097198,1.8851608439986,0.88204773434798,1.6430300933933,1.0722933241093,1.55655482532,11.553095814597,1.9024558976133,43.168453822207,4.8253199584919,5782
slow,2.0257826887661,4.0822590546347,2.9465930018416,4.6961325966851,1.9643953345611,3.9594843462247,16.942909760589,4.2050337630448,1.4119091467158,4.9109883364027,4.9109883364027,12.860650705955,5.402087170043,2.9465930018416,2.6089625537139,9.5150399017802,7.4892572130141,3.7446286065071,3.3763044812769,3258
smart,4.7559893522626,5.980479148181,13.487133984028,1.455190771961,2.4489795918367,3.8154392191659,4.1881100266193,6.9210292812777,6.5483584738243,2.5732031943212,10.062111801242,1.206743566992,3.868677905945,3.1765749778172,6.4063886424135,2.9103815439219,4.7204968944099,5.4658385093168,10.008873114463,5635
smooth,7.2980182926829,5.811737804878,4.6112804878049,2.3818597560976,3.1440548780488,4.6684451219512,6.9359756097561,2.0579268292683,1.8292682926829,1.8102134146341,3.1059451219512,1.7721036585366,4.8399390243902,3.4489329268293,1.6768292682927,14.21493902439,8.9748475609756,18.940548780488,2.4771341463415,5248
snorkel,26.928988625884,4.3652013525976,23.147863510606,1.0451890562558,1.6600061481709,1.2296341838303,2.9511220411927,1.6292652935752,2.7051952044267,0.76852136489394,9.7448509068552,1.0451890562558,2.02889640332,1.3525976022133,2.2133415308946,1.8137104211497,10.482631417153,2.151859821703,2.7359360590224,3253
soft,11.234522942462,1.3656227239621,1.4748725418791,2.6766205389658,11.817188638019,6.9555717407138,3.0225782957028,1.8390386016023,1.2927895120175,1.0014566642389,1.0742898761835,1.5841223597961,4.8252002913328,3.2228696285506,1.2927895120175,13.601602330663,7.8295702840495,21.048798252003,2.8404952658412,5492
solar,1.1762728953117,3.226348512855,2.1677029070744,0.40329356410687,0.87380272223156,19.391698874139,1.2770962863384,1.3275079818518,1.260292387834,0.52092085363804,1.5627625609141,0.23525457906234,10.872122332381,0.89060662073601,3.8312888590153,0.8569988237271,0.63854814316922,1.5123508654008,47.975130230213,5951
sold,1.5659955257271,5.4330457015021,3.8990092681368,3.6113774368808,1.7577500798977,3.9629274528603,4.4742729306488,11.920741450943,6.8072866730585,4.7938638542665,3.6752956216043,2.3969319271333,3.9309683604986,1.6938318951742,27.293064876957,2.0773410035155,2.9721955896453,2.1412591882391,5.592841163311,3129
solid,1.3572298590569,34.452757960675,3.3582738820254,3.1842700539412,1.1658256481643,1.2354271793979,18.862014964329,2.679658952497,0.87001914042109,5.4115190534192,9.5006090133983,2.436053593179,1.3746302418653,1.4964329215243,2.3838524447538,3.5148773273012,2.3316512963285,3.5670784757265,0.81781799199582,5747
somber,1.132473005004,23.202528311825,1.8698972873321,1.8698972873321,1.4485119831446,1.2641559125625,33.789834079536,1.4485119831446,1.1588095865157,3.7134579931525,5.1092968132736,4.608901764551,1.8962338688438,2.6863313141954,1.6065314722149,6.0837503292073,4.5562286015275,1.4221754016329,1.132473005004,3797
spiffy,5.5659494855005,9.6585594013096,7.2497661365762,2.5257249766137,8.3489242282507,3.9756782039289,4.2563143124415,3.0168381665108,5.5425631431244,3.9289055191768,5.9635173058934,1.9410664172123,4.4901777362021,7.1796071094481,7.0860617399439,2.6426566884939,4.2797006548176,4.8175865294668,7.5304022450889,4276
sport,5.4794520547945,2.4109589041096,19.424657534247,1.4246575342466,1.9452054794521,2.7945205479452,1.8904109589041,11.068493150685,10.109589041096,1.9178082191781,6.5205479452055,1.013698630137,5.7808219178082,1.5890410958904,15.287671232877,0.79452054794521,2.2465753424658,1.5342465753425,6.7671232876712,3650
spring,4.6469413686695,1.5610818660374,1.2888001452169,0.61717190052641,8.4770375748775,4.8103104011617,1.0528226538392,13.922671991287,41.876928662189,0.63532401524778,0.68978035941187,0.88945362134689,3.6122708295516,1.0528226538392,1.3069522599383,0.47195498275549,0.90760573606825,0.68978035941187,11.490288618624,5509
stability,1.681537405628,11.187371310913,9.1626630061771,2.8826355525051,1.1324639670556,1.4413177762526,10.706932052162,9.5058339052848,2.2306108442004,4.3582704186685,18.325326012354,2.6080988332189,3.2944406314345,2.5394646533974,2.5394646533974,4.3582704186685,5.5250514756349,5.1132463967056,1.4070006863418,2914
star,2.7253167583074,2.6296916088931,3.9684437006933,0.52593832177863,3.6098493903897,11.475017929716,2.1276595744681,1.0518766435573,1.5060961032752,1.0040640688501,2.3428161606503,0.62156347119292,3.083911068611,2.0798469997609,4.5900071718862,2.1993784365288,0.78890748266794,10.016734401148,43.652880707626,4183
strong,0.76937872667821,18.561261781112,5.6356991729179,3.6930178880554,1.288709367186,1.0963646855164,3.5006732063858,3.5006732063858,1.4810540488555,11.617618772841,12.88709367186,1.307943835353,2.1157914983651,2.5197153298711,25.043277553376,0.88478553567994,1.288709367186,1.0578957491825,1.7503366031929,5199
studio,4.3065693430657,7.2992700729927,5.5839416058394,2.4817518248175,4.4160583941606,4.1240875912409,8.7591240875912,3.0656934306569,2.7737226277372,2.3722627737226,4.4525547445255,1.8978102189781,5.5474452554745,4.3430656934307,3.2116788321168,9.963503649635,6.6423357664234,14.671532846715,4.0875912408759,2740
style,3.4860003708511,21.361023549045,4.0793621361024,2.4290747264973,10.031522343779,2.1509363990358,4.7654366771741,1.9655108473948,2.4661598368255,3.6714259224921,4.6170962358613,1.7244576302615,3.3562024847024,11.125533098461,5.9336176525125,4.1720749119229,5.3958835527536,4.561468570369,2.7072130539588,5393
stylish,3.0603219529453,22.271360339643,3.679462232443,2.5119405625332,10.773040863258,2.3527330620909,5.2184680700513,1.8928002830356,2.2996638952768,3.5733238988148,3.8563594551566,1.5036263930656,3.0072527861313,13.585706704405,4.7054661241819,3.9448080665134,5.006191402795,4.6877764019105,2.0696975057492,5653
submit,2.7149321266968,7.0387129210659,5.7315233785822,3.2176973353444,2.4635495223731,3.7707390648567,9.1000502765209,8.6978381096028,6.4353946706888,4.9270990447461,5.6309703368527,3.5696329813977,3.9718451483157,3.8712921065862,6.5862242332831,7.843137254902,5.2790346907994,5.3293112116642,3.8210155857215,1989
suburban,2.5683975432719,3.2104969290899,3.0988274706868,4.857621440536,1.8425460636516,3.4896705750977,18.174204355109,16.136236739252,4.3551088777219,3.4896705750977,2.5963149078727,9.0173087660525,4.1038525963149,1.5633724176438,1.8425460636516,8.3752093802345,5.8905639307649,3.3500837520938,2.0379676158571,3582
success,2.7839151568714,3.557224922669,10.207688908529,1.2152010605391,2.6955368979231,7.0702607158639,1.6129032258065,12.748563853292,11.754308440124,2.364118426867,6.6946531153336,0.64074237737517,4.6177640300486,3.6897923110915,11.312417145382,1.1268228015908,1.3477684489616,3.1816173221388,11.378700839593,4526
summer,5.447258152669,1.2934960830752,3.8258334851521,0.65585716888322,1.3481508471488,18.291127709965,0.91091273456003,4.2630715977409,5.0282382947714,0.67407542357442,0.76516669703042,0.47367462197122,14.501730734196,0.98378575332483,4.0626707961377,0.45545636728001,0.78338495172163,0.49189287666242,35.744215704136,5489
sun,0.70546737213404,1.4770723104056,0.81569664902998,0.26455026455026,0.79365079365079,21.604938271605,0.5952380952381,0.92592592592593,0.81569664902998,0.44091710758377,0.50705467372134,0.26455026455026,8.8183421516755,0.61728395061728,4.2768959435626,0.68342151675485,0.63932980599647,1.2786596119929,54.475308641975,4536
sunny,1.3353489543966,1.4361300075586,1.1841773746536,0.47871000251953,1.1589821113631,18.921642731167,0.80624842529604,0.88183421516755,1.4109347442681,0.75585789871504,0.62988158226253,0.30234315948602,5.7949105568153,0.73066263542454,2.3431594860166,0.52910052910053,0.62988158226253,0.73066263542454,59.939531368103,3969
surprise,6.5914489311164,1.603325415677,2.6128266033254,0.95011876484561,17.636579572447,4.9287410926366,1.1282660332542,1.4845605700713,7.9572446555819,1.1282660332542,1.3657957244656,1.7814726840855,5.7600950118765,2.7315914489311,11.282660332542,0.77197149643705,1.3657957244656,1.2470308788599,27.672209026128,1684
sweet,5.7307375925418,1.0967918837401,1.5355086372361,1.5355086372361,47.710446942693,5.0178228681108,1.0419522895531,1.2338908692076,2.3032629558541,1.2064710721141,0.85001370989855,0.54839594187003,6.6630106937209,3.8661913901837,6.1968741431313,0.65807513024404,0.90485330408555,3.9484507814642,7.9517411571154,3647
symbol,2.2992910519257,20.866066296225,5.4799770070895,2.2226480168615,2.5675416746503,4.3494922398927,7.0319984671393,3.5639011304848,1.7819505652424,2.9507568499713,4.5602605863192,1.6478252538801,3.659704924315,3.7938302356773,11.937152711247,4.1004023759341,2.5675416746503,7.740946541483,6.8787123970109,5219
tasty,2.7732015376167,1.7298187808896,2.4437122460187,6.452498627128,5.7111477210324,8.0450302031851,0.68643602416255,9.6101043382757,5.7386051619989,5.4914881933004,1.4003294892916,1.7572762218561,18.396485447556,3.6518396485448,13.701263042284,1.0433827567271,1.8121911037891,1.8121911037891,7.7429983525535,3642
therapeutic,12.772646885439,1.8471212418943,6.0129691491452,1.9650225977599,3.478089998035,3.2226370603262,2.0436235016703,13.106700727058,4.5392022008253,1.3558655924543,3.8317940656318,2.495578699155,3.8907447435646,5.678915307526,2.2008253094911,3.085085478483,17.960306543525,8.1744940066811,2.3383768913343,5089
threat,0.56116722783389,13.019079685746,1.290684624018,3.0583613916947,1.8799102132435,1.374859708193,3.1425364758698,1.1503928170595,1.4029180695847,8.5016835016835,1.3187429854097,1.4309764309764,2.4691358024691,1.4029180695847,52.777777777778,0.75757575757576,1.3468013468013,0.50505050505051,2.6094276094276,3564
time,4.0167656304576,11.246943765281,9.7799511002445,1.9909186168355,1.9909186168355,3.6325532658051,9.2560251484457,4.6105483758295,2.2703457911282,2.200488997555,5.9028990569333,2.0957038071952,2.8990569332868,1.8512050296891,4.40097799511,9.3258819420189,4.994760740482,13.866573524275,3.6674816625917,2863
tomorrow,11.695906432749,2.956465237167,8.6744639376218,1.6569200779727,3.0214424951267,8.6094866796621,3.2163742690058,5.0357374918778,6.6276803118908,1.3320337881741,3.7361923326836,1.3320337881741,5.9779077322937,3.2813515269656,2.956465237167,2.8589993502274,4.6133853151397,6.7251461988304,15.692007797271,3078
treason,1.3328530259366,21.649855907781,1.8731988472622,5.2593659942363,2.4495677233429,1.8011527377522,5.4755043227666,3.8904899135447,2.521613832853,11.023054755043,2.3054755043228,5.1152737752161,2.7737752161383,3.2060518731988,21.037463976945,1.1887608069164,1.8011527377522,1.5850144092219,3.7103746397695,2776
trust,3.3580770590315,3.3050547896783,13.503004595263,2.5980911983033,2.1562389536939,3.2343584305408,2.9515729939908,12.689996465182,3.7645811240721,2.9162248144221,17.603393425239,1.4492753623188,4.1710851891128,4.0473665606221,2.5627430187345,1.9441498762814,6.0975609756098,8.4305408271474,3.2166843407565,5658
trustworthy,3.9579468150897,2.7829313543599,15.337043908472,2.5355596784168,1.9171304885591,3.6487322201608,3.030303030303,8.2251082251082,2.6592455163884,3.1539888682746,21.335807050093,1.2987012987013,3.7724180581323,4.5763760049474,2.1026592455164,1.8552875695733,8.3487940630798,6.4935064935065,2.9684601113173,1617
uncertain,2.1074502819828,4.5117245473434,2.0480854853072,3.739982190561,3.5618878005343,3.7993469872366,21.994657168299,2.2558622736717,2.4636390620362,2.2855446720095,2.0184030869694,9.3202730780647,5.2241021074503,3.3541110121698,2.908875037103,14.989611160582,5.5506084891659,4.2149005639656,3.6509349955476,3369
uniform,1.0561056105611,10.46204620462,6.4686468646865,1.6171617161716,0.95709570957096,1.1221122112211,17.920792079208,5.3465346534653,1.1551155115512,1.4851485148515,16.798679867987,6.5676567656766,2.1452145214521,1.5181518151815,2.013201320132,9.5049504950495,2.8382838283828,9.8679867986799,1.1551155115512,3030
unlikely,3.0284301606922,8.9307787391842,2.008652657602,5.3152039555006,5.4697156983931,2.9357231149567,15.080346106304,2.070457354759,3.5537700865266,4.9443757725587,2.1322620519159,10.44499381953,4.8825710754017,4.6044499381953,5.655129789864,7.9419035846724,5.1915945611867,2.3794808405439,3.4301606922126,3236
unsafe,1.4092140921409,12.628726287263,1.4905149051491,3.1436314363144,2.89972899729,2.3035230352304,5.3116531165312,1.1924119241192,2.6016260162602,4.6612466124661,1.1924119241192,3.5772357723577,3.2249322493225,1.9241192411924,41.436314363144,2.2222222222222,1.6531165311653,1.1382113821138,5.9891598915989,3690
urban,1.3716647876738,8.2675685832394,2.4614806463735,3.0627583615182,1.8789928598271,1.4656144306652,39.665539270951,3.6076662908681,2.1232619316047,3.2882375046975,2.4614806463735,5.6181886508831,3.5700864336716,2.6869597895528,2.1796317173995,10.240511086058,3.739195791056,1.1649755730928,1.1461856444946,5322
value,2.2075782537068,4.5140032948929,9.2586490939044,1.8780889621087,1.9769357495881,7.9077429983526,4.2833607907743,16.70510708402,6.2932454695222,2.7018121911038,8.3031301482702,1.8780889621087,5.502471169687,4.9423393739703,5.1070840197694,3.1301482701812,3.4266886326194,4.0527182866557,5.9308072487644,3035
vanity,2.0283199387677,3.9800995024876,2.4875621890547,2.4110218140069,27.592805204746,2.4110218140069,2.2770761576732,2.9276693455798,3.291236127057,4.7455032529659,1.875239188672,1.5690776884807,2.6215078453884,15.193264446996,12.954458476847,1.7986988136242,1.5116724071948,3.9609644087256,4.3628013777268,5226
victorian,1.7791086841642,4.6503434912806,4.1747401796724,6.7465210498503,4.1923551171393,4.0690505548705,5.6191650519641,2.9416945569843,1.233045622688,11.502554165933,6.3589924255769,4.8088779284834,3.3996829311256,18.777523339792,4.4389642416769,3.3292231812577,3.7167518055311,5.7072397392989,2.5541659327109,5677
vitamin,2.819083023544,1.548946716233,2.633209417596,2.1375464684015,2.7571251548947,9.1387856257745,1.1462205700124,10.43990086741,11.059479553903,1.6728624535316,1.1152416356877,4.3990086741016,18.277571251549,2.3853779429988,4.8946716232962,1.4250309789343,2.1685254027261,4.6158612143742,15.365551425031,3228
vulnerability,7.479964381122,3.9477589789255,2.2558622736717,3.1166518254675,14.544375185515,4.0961709706144,3.8587117839121,2.1074502819828,2.4636390620362,2.9682398337786,2.0480854853072,2.7901454437519,3.2947462154942,4.6304541406946,7.7471059661621,6.8566340160285,4.3633125556545,14.188186405462,7.2425051944197,3369
vulnerable,8.3183722321963,3.411131059246,1.9150209455416,3.081986834231,13.644524236984,4.3686415320168,4.9371633752244,2.1843207660084,3.1119090365051,3.0520646319569,1.9748653500898,3.2315978456014,4.0095751047277,5.3261520047876,7.4506283662478,7.2710951526032,4.9072411729503,11.549970077798,6.2537402752843,3342
war,0.7875605815832,24.575928917609,0.98949919224556,4.5638126009693,1.029886914378,0.40387722132472,6.9264943457189,2.483844911147,0.82794830371567,15.488691437803,0.94911147011309,5.3513731825525,1.029886914378,0.92891760904685,30.331179321486,1.029886914378,0.64620355411955,0.66639741518578,0.98949919224556,4952
warm,0.84562792371357,1.4753508456279,1.079525008996,9.1399784094998,1.6012954300108,10.543360921195,1.1514933429291,1.3134220942785,1.1694854264124,11.802806765023,1.2594458438287,0.91759625764664,31.953940266283,1.4213745951781,16.660669305506,0.52177042101475,0.95358042461317,0.61173083843109,5.5775458798129,5558
winter,10.530098831986,2.659478885894,4.0251572327044,0.62893081761006,0.98831985624438,0.50314465408805,9.1105121293801,0.98831985624438,0.57502246181491,0.95238095238095,4.3306379155436,0.8984725965858,0.73674752920036,1.0961365678347,1.1500449236298,14.159928122192,4.3306379155436,41.850853548967,0.48517520215633,5565
wise,2.4501992031873,4.7410358565737,6.2151394422311,2.2310756972112,1.4741035856574,2.609561752988,11.99203187251,7.7689243027888,1.7330677290837,4.3824701195219,12.490039840637,3.4462151394422,3.1075697211155,7.2509960159363,1.8725099601594,7.1314741035857,5.398406374502,11.274900398406,2.4302788844622,5020
wish,16.065679330328,1.7385705086929,7.1796522858983,0.99806825499034,12.266580811333,5.4410817772054,1.513200257566,3.1229877656149,4.8937540244688,1.2234385061172,2.96200901481,0.51513200257566,4.2820347714102,7.4372182871861,4.507405022537,1.9961365099807,3.7669027688345,8.5962652929813,11.493882807469,3106
work,1.341394294351,10.504439826186,7.4249008123937,4.0808615152088,1.1902512752692,2.2671452862271,17.740411864727,5.9701492537313,2.172680899301,5.4222558095598,10.239939542792,4.4587190629133,4.0808615152088,2.0215378802192,6.5180426979029,5.4789344417155,4.2886831664462,2.5505384470055,2.2482524088419,5293
worm,0.92800899887514,3.0652418447694,1.1529808773903,16.760404949381,6.4679415073116,3.1214848143982,5.1462317210349,3.880764904387,2.6996625421822,11.220472440945,0.87176602924634,25.337457817773,7.5928008998875,1.8841394825647,2.8121484814398,2.1653543307087,1.2935883014623,1.9685039370079,1.6310461192351,3556
young,14.252954665726,1.7110601517022,4.3393896630799,0.61739283824308,12.047980243429,4.4275886399718,1.0054683365673,2.9987652143235,19.121538190157,0.52919386135121,0.88198976891868,0.51155406597283,3.7572764155936,1.464103016405,3.5808784618098,1.1289469042159,0.97018874581055,5.5212559534309,21.132474863292,5669
